[
  {
    "comunidad": "Andalucía",
    "provincias": [
      {"provincia": "Almería", "ciudades":[{"id":"almeria","nombre":"Almería","lat":"36.8340","lon":"-2.4637","imagen":"almeria.webp"}]},
      {"provincia": "Cádiz", "ciudades":[{"id":"cadiz","nombre":"Cádiz","lat":"36.5271","lon":"-6.2886","imagen":"cadiz.webp"}]},
      {"provincia": "Córdoba", "ciudades":[{"id":"cordoba","nombre":"Córdoba","lat":"37.8882","lon":"-4.7794","imagen":"cordoba.webp"}]},
      {"provincia": "Granada", "ciudades":[{"id":"granada","nombre":"Granada","lat":"37.1773","lon":"-3.5986","imagen":"granada.webp"}]},
      {"provincia": "Huelva", "ciudades":[{"id":"huelva","nombre":"Huelva","lat":"37.2614","lon":"-6.9447","imagen":"huelva.webp"}]},
      {"provincia": "Jaén", "ciudades":[{"id":"jaen","nombre":"Jaén","lat":"37.7690","lon":"-3.7907","imagen":"jaen.webp"}]},
      {"provincia": "Málaga", "ciudades":[{"id":"malaga","nombre":"Málaga","lat":"36.7213","lon":"-4.4214","imagen":"malaga.webp"}]},
      {"provincia": "Sevilla", "ciudades":[{"id":"sevilla","nombre":"Sevilla","lat":"37.3826","lon":"-5.9963","imagen":"sevilla.webp"}]}
    ]
  },
  {
    "comunidad": "Aragón",
    "provincias": [
      {"provincia": "Huesca", "ciudades":[{"id":"huesca","nombre":"Huesca","lat":"42.1401","lon":"-0.4089","imagen":"huesca.webp"}]},
      {"provincia": "Teruel", "ciudades":[{"id":"teruel","nombre":"Teruel","lat":"40.3449","lon":"-1.1069","imagen":"teruel.webp"}]},
      {"provincia": "Zaragoza", "ciudades":[{"id":"zaragoza","nombre":"Zaragoza","lat":"41.6488","lon":"-0.8891","imagen":"zaragoza.webp"}]}
    ]
  },
  {
    "comunidad": "Asturias",
    "provincias": [
      {"provincia": "Asturias", "ciudades":[{"id":"oviedo","nombre":"Oviedo","lat":"43.3619","lon":"-5.8494","imagen":"oviedo.webp"}]}
    ]
  },
  {
    "comunidad": "Islas Baleares",
    "provincias": [
      {"provincia": "Baleares", "ciudades":[{"id":"palma","nombre":"Palma","lat":"39.5696","lon":"2.6502","imagen":"palma.webp"}]}
    ]
  },
  {
    "comunidad": "Canarias",
    "provincias": [
      {"provincia": "Las Palmas", "ciudades":[{"id":"las_palmas","nombre":"Las Palmas de Gran Canaria","lat":"28.1235","lon":"-15.4300","imagen":"las_palmas.webp"}]},
      {"provincia": "Santa Cruz de Tenerife", "ciudades":[{"id":"santa_cruz_de_tenerife","nombre":"Santa Cruz de Tenerife","lat":"28.4682","lon":"-16.2546","imagen":"santa_cruz_de_tenerife.webp"}]}
    ]
  },
  {
    "comunidad": "Cantabria",
    "provincias": [
      {"provincia": "Cantabria", "ciudades":[{"id":"santander","nombre":"Santander","lat":"43.4623","lon":"-3.8090","imagen":"santander.webp"}]}
    ]
  },
  {
    "comunidad": "Castilla-La Mancha",
    "provincias": [
      {"provincia": "Albacete", "ciudades":[{"id":"albacete","nombre":"Albacete","lat":"38.9943","lon":"-1.8564","imagen":"albacete.webp"}]},
      {"provincia": "Ciudad Real", "ciudades":[{"id":"ciudad_real","nombre":"Ciudad Real","lat":"38.9845","lon":"-3.9271","imagen":"ciudad_real.webp"}]},
      {"provincia": "Cuenca", "ciudades":[{"id":"cuenca","nombre":"Cuenca","lat":"40.0704","lon":"-2.1374","imagen":"cuenca.webp"}]},
      {"provincia": "Guadalajara", "ciudades":[{"id":"guadalajara","nombre":"Guadalajara","lat":"40.6333","lon":"-3.1667","imagen":"guadalajara.webp"}]},
      {"provincia": "Toledo", "ciudades":[{"id":"toledo","nombre":"Toledo","lat":"39.8628","lon":"-4.0273","imagen":"toledo.webp"}]}
    ]
  },
  {
    "comunidad": "Castilla y León",
    "provincias": [
      {"provincia": "Ávila", "ciudades":[{"id":"avila","nombre":"Ávila","lat":"40.6565","lon":"-4.6815","imagen":"avila.webp"}]},
      {"provincia": "Burgos", "ciudades":[{"id":"burgos","nombre":"Burgos","lat":"42.3419","lon":"-3.6997","imagen":"burgos.webp"}]},
      {"provincia": "León", "ciudades":[{"id":"leon","nombre":"León","lat":"42.5987","lon":"-5.5671","imagen":"leon.webp"}]},
      {"provincia": "Palencia", "ciudades":[{"id":"palencia","nombre":"Palencia","lat":"42.0106","lon":"-4.5281","imagen":"palencia.webp"}]},
      {"provincia": "Salamanca", "ciudades":[{"id":"salamanca","nombre":"Salamanca","lat":"40.9701","lon":"-5.6635","imagen":"salamanca.webp"}]},
      {"provincia": "Segovia", "ciudades":[{"id":"segovia","nombre":"Segovia","lat":"40.9481","lon":"-4.1189","imagen":"segovia.webp"}]},
      {"provincia": "Soria", "ciudades":[{"id":"soria","nombre":"Soria","lat":"41.7636","lon":"-2.4669","imagen":"soria.webp"}]},
      {"provincia": "Valladolid", "ciudades":[{"id":"valladolid","nombre":"Valladolid","lat":"41.6523","lon":"-4.7245","imagen":"valladolid.webp"}]},
      {"provincia": "Zamora", "ciudades":[{"id":"zamora","nombre":"Zamora","lat":"41.5033","lon":"-5.7441","imagen":"zamora.webp"}]}
    ]
  },
  {
    "comunidad": "Cataluña",
    "provincias": [
      {"provincia": "Barcelona", "ciudades":[{"id":"barcelona","nombre":"Barcelona","lat":"41.3851","lon":"2.1734","imagen":"barcelona.webp"}]},
      {"provincia": "Girona", "ciudades":[{"id":"girona","nombre":"Girona","lat":"41.9794","lon":"2.8214","imagen":"girona.webp"}]},
      {"provincia": "Lleida", "ciudades":[{"id":"lleida","nombre":"Lleida","lat":"41.6167","lon":"0.6222","imagen":"lleida.webp"}]},
      {"provincia": "Tarragona", "ciudades":[{"id":"tarragona","nombre":"Tarragona","lat":"41.1189","lon":"1.2445","imagen":"tarragona.webp"}]}
    ]
  },
  {
    "comunidad": "Valencia",
    "provincias": [
      {"provincia": "Alicante", "ciudades":[{"id":"alicante","nombre":"Alicante","lat":"38.3452","lon":"-0.4810","imagen":"alicante.webp"}]},
      {"provincia": "Castellón", "ciudades":[{"id":"castellon","nombre":"Castellón de la Plana","lat":"39.9864","lon":"-0.0513","imagen":"castellon.webp"}]},
      {"provincia": "Valencia", "ciudades":[{"id":"valencia","nombre":"Valencia","lat":"39.4699","lon":"-0.3763","imagen":"valencia.webp"}]}
    ]
  },
  {
    "comunidad": "Extremadura",
    "provincias": [
      {"provincia": "Badajoz", "ciudades":[{"id":"badajoz","nombre":"Badajoz","lat":"38.8794","lon":"-6.9706","imagen":"badajoz.webp"}]},
      {"provincia": "Cáceres", "ciudades":[{"id":"caceres","nombre":"Cáceres","lat":"39.4767","lon":"-6.3720","imagen":"caceres.webp"}]}
    ]
  },
  {
    "comunidad": "Galicia",
    "provincias": [
      {"provincia": "A Coruña", "ciudades":[{"id":"a_coruna","nombre":"A Coruña","lat":"43.3623","lon":"-8.4115","imagen":"a_coruna.webp"}]},
      {"provincia": "Lugo", "ciudades":[{"id":"lugo","nombre":"Lugo","lat":"43.0090","lon":"-7.5560","imagen":"lugo.webp"}]},
      {"provincia": "Ourense", "ciudades":[{"id":"ourense","nombre":"Ourense","lat":"42.3370","lon":"-7.8640","imagen":"ourense.webp"}]},
      {"provincia": "Pontevedra", "ciudades":[{"id":"pontevedra","nombre":"Pontevedra","lat":"42.4333","lon":"-8.6500","imagen":"pontevedra.webp"}]}
    ]
  },
  {
    "comunidad": "Madrid",
    "provincias": [
      {"provincia": "Madrid", "ciudades":[{"id":"madrid","nombre":"Madrid","lat":"40.4168","lon":"-3.7038","imagen":"madrid.webp"}]}
    ]
  },
  {
    "comunidad": "Murcia",
    "provincias": [
      {"provincia": "Murcia", "ciudades":[{"id":"murcia","nombre":"Murcia","lat":"37.9922","lon":"-1.1307","imagen":"murcia.webp"}]}
    ]
  },
  {
    "comunidad": "Navarra",
    "provincias": [
      {"provincia": "Navarra", "ciudades":[{"id":"pamplona","nombre":"Pamplona","lat":"42.8169","lon":"-1.6432","imagen":"pamplona.webp"}]}
    ]
  },
  {
    "comunidad": "La Rioja",
    "provincias": [
      {"provincia": "La Rioja", "ciudades":[{"id":"logrono","nombre":"Logroño","lat":"42.4627","lon":"-2.4440","imagen":"logrono.webp"}]}
    ]
  },
  {
    "comunidad": "País Vasco",
    "provincias": [
      {"provincia": "Álava", "ciudades":[{"id":"vitoria","nombre":"Vitoria-Gasteiz","lat":"42.8467","lon":"-2.6723","imagen":"vitoria.webp"}]},
      {"provincia": "Guipúzcoa", "ciudades":[{"id":"san_sebastian","nombre":"San Sebastián","lat":"43.3123","lon":"-1.9741","imagen":"san_sebastian.webp"}]},
      {"provincia": "Vizcaya", "ciudades":[{"id":"bilbao","nombre":"Bilbao","lat":"43.2630","lon":"-2.9349","imagen":"bilbao.webp"}]}
    ]
  },
  {
    "comunidad": "Ceuta",
    "provincias": [
      {"provincia": "Ceuta", "ciudades":[{"id":"ceuta","nombre":"Ceuta","lat":"35.8894","lon":"-5.3213","imagen":"ceuta.webp"}]}
    ]
  },
  {
    "comunidad": "Melilla",
    "provincias": [
      {"provincia": "Melilla", "ciudades":[{"id":"melilla","nombre":"Melilla","lat":"35.2923","lon":"-2.9381","imagen":"melilla.webp"}]}
    ]
  }
]
